{
  "n_observations": 17843,
  "n_variables": 38,
  "variables": {
    "hh_pc_imputed": {
      "dtype": "float32",
      "n_missing": 0,
      "pct_missing": 0.0,
      "role": "income",
      "mean": 8403.0283203125,
      "std": 11423.6533203125,
      "min": 454.82763671875,
      "max": 164608.96875,
      "median": 5633.1337890625,
      "p25": 3435.0589599609375,
      "p75": 9280.06591796875
    },
    "hh_total_reported": {
      "dtype": "float64",
      "n_missing": 4593,
      "pct_missing": 25.741187020119938,
      "role": "income",
      "mean": 12181.048377358491,
      "std": 25711.966750668555,
      "min": 1.0,
      "max": 999996.0,
      "median": 9999.0,
      "p25": 5000.0,
      "p75": 15000.0
    },
    "father_education": {
      "dtype": "float32",
      "n_missing": 3371,
      "pct_missing": 18.89256290982458,
      "role": "circumstance",
      "unique_values": 4,
      "value_counts": {
        "1.0": 8948,
        "nan": 3371,
        "2.0": 2935,
        "3.0": 1524,
        "4.0": 1065
      }
    },
    "mother_education": {
      "dtype": "float32",
      "n_missing": 1845,
      "pct_missing": 10.340189430028584,
      "role": "circumstance",
      "unique_values": 4,
      "value_counts": {
        "1.0": 10525,
        "2.0": 3364,
        "nan": 1845,
        "3.0": 1442,
        "4.0": 667
      }
    },
    "father_literacy": {
      "dtype": "float64",
      "n_missing": 12174,
      "pct_missing": 68.22843692204226,
      "role": "circumstance",
      "unique_values": 3,
      "value_counts": {
        "nan": 12174,
        "1.0": 3141,
        "2.0": 1503,
        "8.0": 1025
      }
    },
    "mother_literacy": {
      "dtype": "float64",
      "n_missing": 12293,
      "pct_missing": 68.89536512918232,
      "role": "circumstance",
      "unique_values": 3,
      "value_counts": {
        "nan": 12293,
        "1.0": 2816,
        "2.0": 2201,
        "8.0": 533
      }
    },
    "father_education_6": {
      "dtype": "float64",
      "n_missing": 7038,
      "pct_missing": 39.444039679426105,
      "role": "circumstance",
      "unique_values": 5,
      "value_counts": {
        "nan": 7038,
        "2.5": 5387,
        "6.0": 2680,
        "1.0": 1239,
        "4.0": 800,
        "5.0": 699
      }
    },
    "mother_education_6": {
      "dtype": "float64",
      "n_missing": 6190,
      "pct_missing": 34.691475648713784,
      "role": "circumstance",
      "unique_values": 5,
      "value_counts": {
        "nan": 6190,
        "2.5": 5836,
        "6.0": 3215,
        "1.0": 1350,
        "4.0": 752,
        "5.0": 500
      }
    },
    "max_parent_education": {
      "dtype": "float64",
      "n_missing": 4792,
      "pct_missing": 26.856470324497,
      "role": "circumstance",
      "unique_values": 5,
      "value_counts": {
        "2.5": 5696,
        "nan": 4792,
        "6.0": 4516,
        "4.0": 1025,
        "1.0": 923,
        "5.0": 891
      }
    },
    "father_occupation": {
      "dtype": "float32",
      "n_missing": 2788,
      "pct_missing": 15.625175138709857,
      "role": "circumstance",
      "unique_values": 6,
      "value_counts": {
        "3.0": 4535,
        "1.0": 4186,
        "2.0": 3206,
        "nan": 2788,
        "4.0": 1756,
        "5.0": 735,
        "6.0": 637
      }
    },
    "mother_occupation": {
      "dtype": "float32",
      "n_missing": 11016,
      "pct_missing": 61.738496889536506,
      "role": "circumstance",
      "unique_values": 6,
      "value_counts": {
        "nan": 11016,
        "2.0": 2830,
        "4.0": 1472,
        "3.0": 909,
        "5.0": 736,
        "1.0": 716,
        "6.0": 164
      }
    },
    "ethnicity": {
      "dtype": "int16",
      "n_missing": 0,
      "pct_missing": 0.0,
      "role": "circumstance",
      "unique_values": 5,
      "value_counts": {
        "4": 10006,
        "5": 4942,
        "2": 1455,
        "3": 1224,
        "1": 216
      }
    },
    "indigenous_language": {
      "dtype": "int8",
      "n_missing": 0,
      "pct_missing": 0.0,
      "role": "circumstance",
      "unique_values": 2,
      "value_counts": {
        "2": 16951,
        "1": 892
      }
    },
    "skin_tone": {
      "dtype": "float64",
      "n_missing": 0,
      "pct_missing": 0.0,
      "role": "circumstance",
      "unique_values": 11,
      "value_counts": {
        "7.0": 6050,
        "6.0": 4417,
        "8.0": 3142,
        "5.0": 1844,
        "4.0": 1206,
        "9.0": 570,
        "10.0": 241,
        "3.0": 194,
        "2.0": 94,
        "11.0": 58,
        "1.0": 27
      }
    },
    "skin_tone_cielab": {
      "dtype": "float64",
      "n_missing": 752,
      "pct_missing": 4.21453791402791,
      "role": "circumstance",
      "mean": 50.25141009888246,
      "std": 7.277403413696181,
      "min": 35.0,
      "max": 79.2,
      "median": 49.77,
      "p25": 44.9,
      "p75": 55.0
    },
    "region_14": {
      "dtype": "float32",
      "n_missing": 54,
      "pct_missing": 0.3026396906349829,
      "role": "circumstance",
      "unique_values": 5,
      "value_counts": {
        "4.0": 3824,
        "5.0": 3769,
        "1.0": 3461,
        "2.0": 3449,
        "3.0": 3286,
        "nan": 54
      }
    },
    "state_14": {
      "dtype": "int8",
      "n_missing": 0,
      "pct_missing": 0.0,
      "role": "circumstance",
      "mean": 17.228885277139494,
      "std": 8.489973885139385,
      "min": 1.0,
      "max": 33.0,
      "median": 16.0,
      "p25": 10.0,
      "p75": 25.0
    },
    "rural_14": {
      "dtype": "float64",
      "n_missing": 0,
      "pct_missing": 0.0,
      "role": "circumstance",
      "unique_values": 2,
      "value_counts": {
        "0.0": 12224,
        "1.0": 5619
      }
    },
    "gender": {
      "dtype": "float64",
      "n_missing": 0,
      "pct_missing": 0.0,
      "role": "circumstance",
      "unique_values": 2,
      "value_counts": {
        "0.0": 9947,
        "1.0": 7896
      }
    },
    "hh_size_14": {
      "dtype": "int32",
      "n_missing": 0,
      "pct_missing": 0.0,
      "role": "circumstance",
      "mean": 6.122681163481477,
      "std": 16.83500719526119,
      "min": 1.0,
      "max": 999.0,
      "median": 5.0,
      "p25": 4.0,
      "p75": 7.0
    },
    "n_siblings": {
      "dtype": "float64",
      "n_missing": 355,
      "pct_missing": 1.9895757439892394,
      "role": "circumstance",
      "mean": 4.770528362305581,
      "std": 6.192265240962285,
      "min": 0.0,
      "max": 98.0,
      "median": 4.0,
      "p25": 3.0,
      "p75": 6.0
    },
    "birth_order": {
      "dtype": "float64",
      "n_missing": 1274,
      "pct_missing": 7.140054923499411,
      "role": "circumstance",
      "unique_values": 19,
      "value_counts": {
        "2.0": 5003,
        "1.0": 4406,
        "3.0": 3164,
        "4.0": 1526,
        "nan": 1274,
        "5.0": 903,
        "6.0": 531,
        "7.0": 358,
        "8.0": 249,
        "9.0": 167,
        "10.0": 100,
        "11.0": 55,
        "12.0": 50,
        "13.0": 18,
        "14.0": 15
      }
    },
    "lived_with_14": {
      "dtype": "int8",
      "n_missing": 0,
      "pct_missing": 0.0,
      "role": "circumstance",
      "unique_values": 5,
      "value_counts": {
        "3": 13549,
        "2": 2613,
        "4": 892,
        "1": 578,
        "5": 211
      }
    },
    "breadwinner_14": {
      "dtype": "int8",
      "n_missing": 0,
      "pct_missing": 0.0,
      "role": "circumstance",
      "unique_values": 5,
      "value_counts": {
        "1": 13895,
        "2": 2616,
        "4": 1057,
        "3": 195,
        "5": 80
      }
    },
    "dwelling_rooms_14": {
      "dtype": "int8",
      "n_missing": 0,
      "pct_missing": 0.0,
      "role": "circumstance",
      "unique_values": 17,
      "value_counts": {
        "3": 4357,
        "4": 4059,
        "5": 3079,
        "2": 2880,
        "6": 1480,
        "1": 1110,
        "7": 496,
        "8": 257,